channelid,categoryid,subscribercount
UCdzU3DSGzyWzN2118yd9X9g,22,18
UC0UnhAG47DRyVZGVcbhAXhQ,10,184
UCXjtAvK5P3wXBGh0vbGylzg,27,338
UCeKHMeUlcLNPLCLUfZUQI2w,26,22051
UCNWPDyaWf2eAHnofFLSnEMg,20,220
UCdo4nsIhLYABKSnU9IMBvcw,26,232
UCZNDDbxNipTnfrSH4NpuoOw,27,109
UCgg5HS1oVuMSoGRPuHo-b_A,10,75629
UCCNZDSGjG6xEoz2lv4FThMQ,20,40482
UCW0Dk2N7209dicPGgYNcnGg,20,90
UCq-di9ylxEtA-MAcrvwFrEw,1,6245
UCDUi7yW7tJ7QWJZgK8sRLLQ,20,4344
UCKMDuwPLGjt-nGHgNPOk5PQ,20,327143
UC3pvtaMQ2b74u2dwUjhYMoA,24,0
UCaBmj7srjEN8hpcq2lcYQJA,2,6514
UCpjYH_3HgCYCBEj5kOZ250A,26,7710
UCBFF3y6p-LqzD9bQSDgipgA,24,455
UCVjfxCDKw_1bfH9GzhfmuMQ,10,49049
UCIqxsYQqmf-1rP7w18cDAkg,22,13
UCqDbufe6xLQvj0ylR1B9FTA,10,646
UC7gA_qnevZEg033B3fFfrKg,28,2545
UCpJ-kuYqO3-FmecU4hViajw,22,55
UC9fwbix0hNiFQ-nhU209UXw,17,4
UCuFlctNwFfnzjDC5UzB6fFQ,23,122326
UCQowROOeb9i2uh3TBCKjsEg,24,930
UC5rEKljNZfKS14WhkZ9o_oA,20,355544
UCMxVXcnKrXzE9MH61GwjFzg,17,27
UC_6j2h3N5jNjx-IVWhIeXhQ,23,14778
UCjZ6Ay7M4-4k8rTiKpRJJUg,1,79
UCSfdh8cOnTt4qoyilCKVrgQ,10,433
UCfeHOn4Xgf6ZxQQBZ_Jzw_w,17,1314
UC_kbaOT64kspWcXIRrnmP2g,10,2
UCkYIV-GhZvKyrUyPetZpdwQ,10,112
UCtH1zjiEXG7pK_n30LXGpSQ,10,326
UCDJEz4SBUw0alJrd-G8r4Yg,20,51
UCj2BnNGuhrB_BXLoIMhkxiA,24,29845
UC--kMyYobbRpKDLzlGkwo6w,26,874
UCEM28LrpZS6qvC5re-hbTjQ,20,460
UC1lBNgO-iUWIzJdelqXKAvw,17,15440
UCMiOdQQZ2CnQGwucXtV-trg,24,7519
UCMTadap4VoHJjwRq91-59UQ,20,809
UChmj5_aVSCk8DJZTGCJe8rg,17,169
UCl3nQ5f-O8iWmICHinAoh6Q,1,4
UCEIBdGrIkorV7EXW1e0GCqg,20,42
UCWYdaRNoeOWfS5s6GYaXLzg,10,45
UCrNdw9pjfStYU_10jkU9Fwg,24,1
UC37bdEiP-uJreI5wtMwZAVw,17,432
UCEsrx2HdQshx7LaoPINvrPg,10,1335
UCyNzS_6-B9hnZWemuBpQgEg,22,15
UC1XKoUVhwJIAiCzDw6avCAg,24,2
UC-UEnvqjaf-7fcLJSCVspXg,24,73
UCnnbro6IhJ6kfjV3xw5KZtA,23,281
UCORTeEEMFRKQTePwQJGZfUw,2,137
UC-VolW1nwETh9Ll1y2h1ueQ,2,41
UCK_k08qLykhW03fPP5P1kWA,15,122
UCrfnNPLMIHZI-wDupFVPcBA,20,61094
UC1cfEMDmx1gpLHsvU9mg_9w,1,11479
UC6USZimMmwjrbDGKjyaVwVA,27,269
UCSZUXGdzweAuksqVrrbj2Iw,22,11
UC8FJ1dhYn4LuLWPv1TBZOoA,24,0
UC-ofUgXWCeaMSfjX8mBCbBw,20,392399
UCrANDreLc7mG5mP66J6admw,28,5168
UCRNgihmjtQNhn_egg0Y6KDA,2,40
UCq9E3PxrK42EO-a8-uwmgNA,10,53079
UCp9CMBa8SvcnldY6CUl7tww,24,569
UCz48GslYrQBCAzmSDvXTJXQ,24,299
UCtfJaQB08iPTc5GcTwaMqtw,24,35
UCcb0muJBVxIUeOsyDr0u7Ig,24,51
UCdt_4stK3iBBbzPtZfqMufw,24,3542
UCWPmknLYJuVSKV4Bqv04a1A,22,5
UCxKqLvgx_iMIbpyaBfr7rIQ,20,21856
UCZ0mqihIUZbQV6D06TGaNiQ,2,6
UC5JS3820CHv1cwcyEN70lgQ,20,1612
UCT6LaAC9VckZYJUzutUW3PQ,20,181263
UCQQKMcjzoGsTQGVHwwR_HZA,22,52
UCbL8uzrp-nGAIhfuNcl7WzA,24,1245
UCvkuzmjHdWmMdJLGFFSt5mg,20,1876
UCWgK_4f2rYzU9jUru8-RxTA,24,6818
UC_1ZXxjRTcY5wX1MQ81rEdQ,10,58214
UCNWE19wwZt6R6LoVk4gtlRQ,1,866
UCgX2EaVuwi0jstpTXrWQGyQ,20,7574
UCCabTk9Qskbbi2nAgSy0MNw,24,730
UCRhrB3agtA3afGvCx9DN6GA,22,2867
UCuE1Ed6JqKgCZrF1PKRD9yw,17,6
UC5ljOmJyDE1JrGMkruvWCrg,26,19152
UCoDkamsmzvrvxmZT9JdpONQ,2,334
UCgquFDyfTt6SWG1xXUKGiqA,2,83
UC31zdvJk5Sr2w5n4hklJX1w,22,9356
UCJWrsIZjGI3aOgtoqD09x3g,10,2530
UCny_hcFKMhkFjVcJZwWRrFg,22,1332
UC56-92630x0A7w_HrjK8AsQ,25,2396
UCgRz5nuL14LD246x7HllIqw,10,6844
UCeBNABt4ejGeuaLz8QJK6Yg,15,57
UCC5qXYhDHV1TY43_DWVvv1w,20,674621
UC02sVouxIghy3nLOm_RzvDw,22,19
UCOXTmmhdne0ehxsOAV_lEZw,28,7576
UC9E14Vftpl9xZY6cbTEs2LA,24,34
UCoMYvfLxUfajoBTLm-nvlAw,26,108689
UCgSDoVw1IaChd8mVsT6st7A,20,19665
UCWIGwT2BhhCpjWjRgchiY5g,24,561273
UCnjnz6SAho-BFuOCk3lB_xA,26,8634
UCWIw8jZ8WuGzJkfNBhzoPFQ,28,77850
UC0qq90ZhYD2AA61Fp4RKBrw,22,19
UCLJE1cvF9a___wz3h-U2EYA,24,82
UCBNP3TVxHxtJJTWQfyC1ctw,22,1315
UC8G8kqkWlL6qIMDZG8DMPcw,19,23670
UCXHZkk84LkX7pdsagGCA-eQ,25,757
UCRdDXp3LihrgoXg_wPO0Thw,10,15
UCdSrV3OGGXu6ZsE-mF9l7aA,10,263
UC0Wg1TUmlxj6ihalJPxHyqg,28,145438
UCy5Q86oJOrho-eZbc22DJSA,10,2059
UCy4DstXG8Sxx-gqVOtY_pMg,20,1460
UCy1F61QvUUQXAXi2Voa_fUw,17,180951
UC58k_P0vo3pibDwW-Zna68Q,1,1
UCq5STAGBJGgTfSVk30T5yWQ,26,749
UCU8NCah8lbB_e6mY8CqhDRA,10,16852
UC-gUD1u77R_fCYU5VJoe7zg,17,3694
UCR4DZnk4TP-WYtf8wB55h5g,22,146
UCqBNcBqhybw0vfqtpDgJ-Pw,10,250
UC0Ec7aNF-i67aWHH6-BKQwg,24,625
UCTn9b_cuSTtsDVNOo4EWKzg,1,775
UCbiPCnUx3WWb2h4H1R4uLBQ,2,103
UCn9atqScyXLGnjNQ_DEXQ5w,20,233974
UCwyZMvRDBleBvllMYN2EoGQ,22,13826
UCr4caF0n0P5kExMR8uWERJQ,25,2510
UCCVLeCM2GmwjDg2elXqojcg,10,812
UCfMnYQQtNI-jRwX1LSp4QXA,1,14788
UCfUuMpX38c9_7jaCEYiDdkA,17,0
UCxhns6nPe8EeAM1yD1tJgBA,2,943
UCCkPbbLX7JCnEhnknohzT1w,24,818
UCmI-YXEUHMu0ao7kKjuTAgQ,2,0
UC9PILq9AJuk2ZYkD69Qo9nA,22,171
UCnJutVTtn3ZXyapoGUmuRTA,20,113544
UCOeIQDlcWZk7n6S4-soaAGg,24,269
UCpa-hho2NHxC47LYmGixGEw,10,247
UCeXY-D7RTVIIOuKP9HB35Ig,17,12
UCe0eBOd5v3GOWTCFX-HxKsw,17,6
UC9Yi_hWXTZlMVZSAvTBLBnw,17,9
UCEioe55oIi8WGww0S9HtpzA,10,120
UCttWHTSCu8IRnxZQ7SB6n0A,20,10450
UCpiK1YCS2GnYUVN_UCrT5Ng,2,860
UCJlKhBw4YLmG5gy6OYuOl_A,10,760
UC-H-A3Uwh1p0yz-ZBocFK7Q,10,29
UCsWWKbPsXvPm6gbc8NDLZLA,22,38
UCHVLKtu4iaKfBUscsxb510w,10,2248
UCHIwQiZhIn6fm5b_IilqBbQ,20,5449122
UCAQsSq6zk_RLaYIfRPrqE3w,19,10
UCcw1Qs2-_gZA4s51BkCdseQ,20,73
UCRxDTCmIjgli-Xgh2KPE9dA,1,609641
UCt4uUPXTEgGwEZbchC1VAYA,20,49097
UCUtZaxDF3hD5VK4xRYFBePQ,24,8109841
UCtnboZiB_Nqif-YNtp4aB7A,24,1043486
UC7W4SLNcEGIb9iq4-XtaNng,17,1
UCMATRiSVZ2ISwBHQiNkFWrw,24,1453
UCm68FLDkrkxJ7SdoDSMnJpg,1,214
UCnwgxNhrMK4CxQxgDuE3zvw,10,4318
UC_BaxRhNREI_V0DVXjXDALA,2,422973
UCl9wrgGC2MAEfl6PqbFfR_A,10,271
UCnUU48FFRDsyTC6R90Jvqwg,26,1463
UCeR4TZywTWya4zo38b_8hdg,10,8934
UCNW-XFAFkHcLmD_PhY8O9hA,19,10
UCp1b_STYnVuWnn4YRJ9Cbhw,24,2666
UColGCeicDD7itc3NZ71qeYA,20,1
UCWONS8Rwe3-5Y6h0S5kdyyg,26,9914
UCPeACP9gjNLMPnSH8vk81PA,1,353
UC3g5hdo7-s_dkMuw_QaQBCA,20,5865
UCchiov_1kNqpRaOl_o-DiFA,1,17621
UCzsVtOHj1BU1kFVhzcm2Zgg,28,37949
UCKpjCjPe_-4G8Tp6x_NCOAw,17,6810
UCROGAM2vq9kCLmQ6j4y1xdA,10,1310
UC6-o4kl8D4P1HtouVnWf5tA,28,4730
UCQbXvTBkjb0h0QuRS9l7vNA,29,58
UC7w8GnTF2Sp3wldDMtCCtVw,17,378056
UCl3soA3A1-Rvx0vdoCtBXiA,24,3
UCdRQubBW_YEY9tDFXxqZk7g,26,469
UCju1iuBcl-Jb_di_KQ7CyRg,28,109394
UCltLGEyRxWAoMLGzB9wYlQw,20,2600530
UCjrTCHHo6ArJrszI72J6mtw,17,6131
UCQXI4dGbasH2nMOzZRB2Heg,24,12719
UCy_nPhSXxHnihL-9Phug0AA,22,0
UC46hk4nW8LZ4ciCrLJpLxdw,24,5138
UCDGmIjVK68ULRQnyUAoGgAw,24,68
UCzhdUe_X8bCbFvNSeQUIFng,24,2692
UCrJDNlUPWtPSu6kmDPnTyJQ,24,189
UCj0QsxcE_JRu1YstIIF76og,24,3982
UCy9HnNMLyRz_MiO_nOhhijw,26,328
UCqheS9rd4_nojHk3H-FR2XQ,20,941025
UCu4CLugrCWnpB7iDHDR3akw,24,302
UCVqctw_4onzfN_wnOgQKYXw,10,175
UCOjw-GX9DMmEPn43eprY5gw,28,23747
UCRz0xsWzleLU3EOyKu7L-lg,22,0
UCJnc3w9sBoozXP5RQ15CBRg,1,75
UC98Hk0dfZPYiZUPJY3IVUMA,17,610
UCixInvC05-KR6pvhqg_sZSQ,17,3080
UC6OQnvhRoWwMZGscP-XUYCA,20,340
UCDZyIwZMkRtb8IP3Mbwl8zw,24,247
UC8P_gJ6aCVv51J75v-JA27g,20,6901
UCgjMHGQ2asROtNWhAu5MBuQ,20,46441
UCbKhummQreunNafJALxRp5g,27,24
UC41lvjrDswwUc7X4d80bA2w,23,220703
UCgqx_CBOTiv8U_mk56DrEig,17,16
UC2gzLahvy-zwTV9AwNdhZgw,17,292
UCfQKqzsyvHYiajiyrgpzSqQ,19,8
UCbzEcb-FnsprBRyYuuWDaEA,2,32
UCteJOOR438YLzNCNBnEYBLg,22,0
UCL7L9Dl__Pr32JFU7V4u5hw,17,54
UCrgoTjEg8Ig9uqzZBXkUcpw,27,3224
UCoNKUzSql4qUXaMa0qwwWIA,20,10
UCxoBONIH2g_i4NKZIiyoPJw,17,9
UCxYzDgQE1KxmU0lpPNnC0gw,10,3040
UCPJgYyZfwCBkv222WYCN3Qw,19,2
UCK9-jd6Vv_f5xgoLE31e12g,10,1130
UC6ciUUMRms4L-LLz9LKfdrQ,24,5300
UCGXROVmHl6iJtO67vv8TS4A,2,3
UCj_YB3cKoTAWwXWj_HikxQw,22,409
UCJRMOYY6Tf_w2yQ_6jGZXmg,17,109817
UCkENYw0PRQdwo6mV2nMDONQ,25,1567
UCl2nBtaD20xnQhSoGmD25WQ,17,75
UCh_K4-2-Quf55BA8aMoDQ_w,26,33553
UCbu2SsF-Or3Rsn3NxqODImw,20,2803750
UC6ffr2IsErZIv03eqp4V_Zw,15,70
UCiEx-V0EAgaR6EGcMe9TSDA,10,281
UCT1XviyXCuYgG2D6m97Pa0A,10,0
UCJo3iU_2Ji6Q6aTieypJOnQ,10,156
UCRlNuNXnK8W6i9wkb6Da1WA,1,454
UCFh-pzkzGa200ZkEHmNQPxA,1,308
UCBqoK_z14RmvqEU-Jo_VicA,17,2
UC5ikmAX8WAoIdPgB9OrSrzw,20,269
UC6EuztGj-iEgpPx3XaTrFPg,24,309
UC6W76RWijOhx3dY9Ja2UigA,2,182
UCedDv5zYKS5naBCRuv3M_ag,26,2620
UCk1OsvdPasZXHL56x-oBIwg,17,11
UCRABCYIg89ns2-FIEzRIldQ,22,2049
UCwQqeblRMlew5AzrKHseLuQ,22,35
UCEOKTdgjA4fGPC0slR34J7A,10,71
UCKPrGrzWHmHcmJwdm5BoJ9g,22,279
UC8faoPBqt4LQBymT8RNUo7w,28,1526
UCSW2Lz7uZgAV13FZQdCtWYw,22,66152
UCWB-YmICnslQBDcEE9m_SUQ,1,1
UCwcrUeljc2qpkEd6xqvoC4A,10,106
UCYIkDsYBOSp43OkU-kdW25w,28,1332
UCBWI-ynROTl_jNeHTRPnI7A,10,375
UCK4jWIPKlmyUyoL5jbe1puA,10,120
UCgYLm7Oa-SowtuvSa8izWBQ,24,104834
UCxvXBzkL4s5HMfy0khkatOg,27,0
UCyS-uQd1h_s3srTqt-liylg,17,7
UCGNuA2Fg8X0frfChEhJrHdQ,10,1478
UCLO_71CwJqM2MhVLxhpoL8g,1,12360
UCAwfXm7ZmoQT5fYhbBjGXvg,24,6
UC_ZY4lz9zqJcrBfBmFf-_nA,24,14
UCxc9rx9oY5MWO7C8XuUIONg,10,7123
UC5tU6DGXITzcDpqBqNzXdJw,22,29450
UCZFVipGKYQxwwAOYwiIMEyA,24,52817
UCym_ErZsNpqkrdAvDgspoGA,25,296
UC40NTfiV3DMsUbneF6HH53Q,10,0
UCSYbLCirM4rm85Xj7fGD-Ig,2,204
UCFdEMYmiimq2uKmOMaBfPLg,25,22324
UCR9sm7yi5rvVsTJuzC2qn_Q,22,34
UCN_Uniubnrgb2YmgRvDYJIQ,17,36
UCKXiSBmhHe-ZFJwFokAcO2A,22,355
UCOIQrwCGTj_3hdewlVuqdxQ,10,17036
UCAxtwo9BaGFtDYO4fOyS2qg,22,19566
UC4Q34bijQU84lX-I8ahvIEw,28,909
UCDO9YkkFuuz9iGe2XIhYwhg,26,34973
UC7GsR6NwKEy8SmDKRtXdIZw,22,75834
UCWkkE6ObowGRcCywNsw2C1g,22,797
UC1AaN96kgESTBy36Nfaj8tQ,1,642
UCXPsEBU_BHCMLpGh2Uh2_NA,17,979
UCJkjyDU_oEMvsSk7ql5FMOg,20,1166
UCCz7LA2yhTOwHTcTgwv37Pg,25,3651
UCKFrD1MP7HtFARafErJs2eg,26,1285
UCbG4ZYJ1AAZlSbGRDHUP1YQ,26,0
UCWIlNOmXhGHXnmZjkAICJXQ,1,6003
UCkeQp-ClM7FAVSu_WFPYg0A,10,893
UCzy7ETKU4ZQStaJqnf9QDhA,10,1118
UCGYCFw-RMJpylPQsTEVzLfw,24,0
UCPzHmCs_KfWtYWyvEMgn-Bw,19,885
UC4O12pQmRJAyR_GPmAGu1pQ,24,164131
UCSVgcUvTHfm04KLfO-1ijow,27,152
UCdGYCsxWgEHdpR0ayUop-gA,1,458
UC_3tWe0VJmm2W0_mX0Lr2vA,22,0
UCWaqnXjOAswBNh5p-aqjtgw,22,92
UC5pHsEgqldVaoiaWgVuKqFQ,17,0
UCGO8yBktFX2PjDsh8BZ1U5w,24,325
UCsDb4OCZahFOGTEIflJ5l9w,24,21
UCLpJ_RriBKixFEv-oXXqhfw,10,74
UCR63NSVAXOhuOThmjiglH4Q,10,1433
UCtpXCdPZZpN_9dE8tZe6Avg,22,8
UCjCCIO9WUKbVXCUMK2FRwzQ,22,3
UCJEPf8YzOQVDDkw1f886jXg,22,95534
UCQ6y-mdce53kwAwsvVd8A9Q,28,6118
UCT6PN1pkGMdUVZSCUdX4P9A,24,792
UC5H8iioT8qY9Jl02SoMsWCw,20,36866
UCKtHI2QDc5vC5Lawtnh-Mvw,22,47
UClae0X8wy1MN9E7-2WaQncQ,20,6446
UCVrNPLdPj-FqkRmrDmFNyaw,10,137
UCylLFgHKGVyDPp1Z5J3NUwQ,1,9
UCnSUAPGgau9NJc8KrDFSpJA,24,2764
UC1JBVquh7RKomHhsevSP2jQ,17,3411
UC_PzRdpPeVf6ddzGW4W2gig,26,359
UCJLUHIhxU3bOu_EcPFyMyhA,10,6
UCVCd0Dw5PDTCwimmecTOiww,17,7732
UCCsFejxbviSj4fzaD1LPJbg,10,1353
UCMG4zaQpqs7c15Oj__JgbRw,22,473
UCm8Gg6SGUcBsgErqNuBX5KQ,22,1
UC2D4uy1mnE98DJP5s1vzn-Q,17,19
UCSeB1BLJzvsEuInHsXqxEUw,26,21
UCsQGy9MZlrT7DBL9tsKamxQ,22,763
UCHZEnEW9SjSNDRU5Yum6qUQ,27,7
UCPuTZ5Rw171KAILaJDwp1wQ,10,238
UCVXVfZ5ryrcp1TgxegnpFBw,24,4254
UCTiL1q9YbrVam5nP2xzFTWQ,25,298194
UC4K9nmnB3-TKJjzwTgxSPoQ,22,4646
UCMhZyW4q91QAzBxhj8IX5vA,24,3108
UChHkr2LeEjwBOHWL75LtvYA,27,2647
UC787mhTiKSh0iE9PBX6pM4g,10,120
UCEideiopjVaxdQsmAQOXyyQ,20,644
UCMUlt5fBuiMx_o3_cbo5PDA,1,736
UCjqakGiLMbvQ8FqWQKXsBkQ,26,2360
UCfvkj-ggeiPT066ByKgg93Q,24,92786
UCo2REL5JgQ3v-QqMb1g1lIw,10,814
UC8bJfF2sVcLW92EcYtQ_Tww,24,48
UCeQf8mZkzUswAL42uQs84iA,17,67640
UCeu7XHEbM_aAGm6xP6Hnorw,10,43988
UCcE5BQzPpX1eAqX_RjIIqBg,22,80
UC6VdHmorTBm6IGFJrLlFuew,22,3593
UCk2hNgDiYwnxGiVKLAbz36w,22,1560
UCuIJWRaLX6yP9A9SsRgxa7A,15,806
UCcbqSG3k30oHXbFs9cDYvWA,10,436
UCxBYHOQINij4SwdRNczoTaw,24,1170
UCLINPbYQ9sy6qc-TqtBeVnw,2,71043
UCcSeeATlWJJbXpOZRYOfaDg,2,78445
UC6lhT3obp7Yf0iQH4wRLVHw,22,36
UC-1g6IDDRsReIMnIJKJcc_Q,20,6
UCTDnFFG76UV07OgvMpmD1Tg,2,46483
UCjhRMHxiHQE7RV36e9JeEQg,17,2
UCAcbfpFAA0k0SPLmZlgWYhA,10,228
UCvMyD8ecaYW5glzQF7dgeaA,24,13
UC_ydRj9p48PgpgSwr5SZ89A,20,1870
UCphz8ckXEvP7AJ6t-Od0qsg,10,1
UCwLn_5lHFrclLEXbS0ogu5g,10,863
UCtpLbWEaULGAPWBAj9L5_DA,24,34
UCVbsDKvlrcjyUD50W3pTzSQ,1,533
UC84xfE6pe7GeX_4RxzYVkOA,24,65
UCDP8SYwrH5oQfxBRo92MODQ,17,5
UC5kC_Ufdjb6-2Eiiakp2G3A,22,155
UCSmS6sWsIZRkBH5p438IUmg,22,13542
UCFSK7Yl9UANJ42kRD5hcaFQ,2,56
UCHKnKNMXGs9gV7ago_cpHMA,10,2217
UC6LA4vk3pMxCkogsGWonIKQ,28,1436
UCHzbTUXnKX2gSr3hvXXjxlQ,26,2342
UCJMQxg81E1HwVuD-5I2C3oQ,10,31
UCVXA6A5S8ZVDDxk99okt83A,17,8403
UCuxuwpbLsno1XGmEWMQNe4Q,27,24
UCYB_7AvhPxs4zl1FbzoJhtA,15,25
UCS8ObvH1f2kNixDfMFsf5_A,10,301
UCECHoIdLDF53V_jrd5nsgvQ,22,111
UCCbc9GxE0TmCoSWqImckHwg,22,143591
UCdh2Jy5YksUCH6GwyxBgogg,15,133
UCSb7YDVK3vGTMfhPqtGmA1w,20,206
UC8Nl48FBZkPnTfmEMVFv2Aw,22,10
UCqLfp0G9bGnQ9J-LEL9kYZQ,25,136
UC45lYuHP59jXCqhzNdc-khQ,20,62
UC_eg49ESVr7tnxgA1LdR-4w,15,2
UCbh8eWQ83qZxKkfUbyKEIDA,26,156685
UCBriYsje-d_72dqxHqLtf8Q,27,29848
UCbCL_dS_4KjCJ8NKry0wwJQ,22,674
UCsZeySV9FGu3X9_PN9hpWJA,26,554
UC4di-od7AQJbMyuDO_upb6Q,20,91
UCn6-nwl1LgAjDmGbbR5b_6w,24,29
UChNmE5O9AIC0WJjb9I4rYLg,10,2
UCxkmL8rM9nw-EUW7DbruBSw,26,9995
UCQimPADTui-RZdvBOKqhmOw,1,360
UCA8817rO9pBK7Um7OKG-zkA,26,136
UCzv9126bAWtkrO0qM-usKfA,22,277
UCdz0-84R-w9-bBUII0U_P6w,19,20
UCuWcjpKbIDAbZfHoru1toFg,43,1800896
UCa7LezACJkW0e7RlXo8VfXw,10,6288
UCS6HNpDJeLwmFa8iwdEAQVg,10,8978
UCPeqv6ycK5Sa0Hli0n0wPsg,17,615
UCjvbYiLBW_s9ktY2SIBzHRg,10,1426
UCZHLRbXylR-x2wU-kp65nTA,1,766
UCOyx6C8ct8wI1IFClQC7S3g,20,26
UC2ZB5-Fgacw_0vTp-8gUWUw,29,28
UCXFsqgD5tcqwiRAD9Nw88pQ,22,11
UCTD5RhYO-SNPVWtJZdQoKOw,17,206
UCz_sKjgVE53fvJSkXsZ2F4A,10,358
UCExJ7v6NM74ke48mAKKdcXg,2,7
UCXCM24Hc7T-tdDnBcvyJQgA,1,52
UCYX169KoQ8BveVQ8CIi3mFQ,24,53
UCTv-XvfzLX3i4IGWAm4sbmA,17,1600272
UCYRRKA07mLG8fpkDqhJXZAg,27,65435
UC0NuyXHym-Oatwfpab2LAMA,20,23186
UCP0hHZRg87pWVJCOgueslmw,22,4386
UCI1q-BRy1m5YT87DUyFyUQg,27,5
UCvpTHwinUOwXS9TfSz4LEEg,17,35
UCOtMIE18ug3jX70PSmdz8kA,19,94
UC9v5r_aHplJ7dHegXaeulAA,24,109
UC-iuonKZZC9krPa-RpwMO9w,28,265
UCazFRHqhI2ql16hePyTVNng,1,9059
UCBoR0Yu5hqiGEJdYM8nRT0g,26,308
UCI-Oq7oFGakzSzHFlTtsUsQ,17,247654
UCEKSOXh7GGPbTtr6viRUI5A,23,86
UCNEiwm4i-qmILrmG9XDzcrA,10,233
UCRvCWWrrL43n2aOD1jPu4sw,24,134
UCAbdtc3JlwVH-s4Dg-jnPrw,2,335
UC5oRfIfcuPX0F9PjIpPa7YQ,24,1164
UCCc5t3tYj-fKc90BwGVblSA,24,14
UC-zEBxX9Xzun4mli2ArKjjQ,27,10
UC2khVqh0WQxLC4b6rLcnl9g,10,91
UC1cIGhTo0WiOp0VRAglCaSA,27,251642
UCvZL5CwtJt_I5dI15AeHy-w,22,13
UCUNmR55jFF7o0u4oVqoXCsg,24,190
UCpmadplEROgHA_9m0Cse1Gg,22,11308
UChPBqNUzjWkU3uGra_S0log,22,119
UC8OOMKporuqEBJZ8uf7fAsw,22,101
UCZfogiS6Mf27r53CLJJehLQ,17,481
UCwyXamwtzfDIvRjEFcqNmSw,26,39905
UCETKopbJ3g1KlZVAvaw7dUw,25,15901
UCMf8mzKBLR9uaQKUMbRdr1g,27,6988
UCKZ0P5KGj32fvuKS8pwzbFQ,20,220
UCMc5gfr6_RSpNAKjiQf_xZg,17,7
UCYHKWbpx6eX_ydppBcOIOng,17,19618
UCFuBDJYsra9hg4YiLxjobEQ,24,6099
UCdAiIwrJ3F8cKdC0H5vZjsw,22,20
UC_qModsQsEozKSO1u6XbYsw,22,35934
UCGHhehKQoYA0zeWiikDO6EQ,22,5713
UC2JqhLQPIghWC6wLXYWYWow,20,1824
UC9-Gf8yxR0eqECaBRjpGiNQ,2,270
UCLU580lMb6AGMlu85TfGmMA,17,4405
UCzcLeFkKzrPWQGDLiF9-6MA,2,190
UC0N_fyvf9fnDv6V_kdK2jHg,23,87
UClZsfG_SfyBAGaafLxymoVA,1,2982
UCNylwDpBH_yziJ6VbJMIZ_Q,24,16978
UCDCZa9Yt64NX1_eWa-HNDhw,2,719
UCKa8-ht-gbMxHFgQVuCgG3Q,17,5
UC9bAont0I2B1RJVYEHeX_qw,17,6
UCPcE_Bp5kaopWuZ59zsvqvQ,24,351
UCjjXSlYkhse4uaXmq5lwlQA,17,45
UCe4iMXmL24pauN6SC_8AGYg,24,19
UCdV5g3jVn-sTw1VgULj0EfA,1,203
UCzC-pzvjHz9Nj4KgkPvtD7Q,26,80
UCVXcohmX3PIsbc0Djrr_dZw,22,647
UCt5nMEki451pwJrO_4OhIsA,17,109
UCK_zmTIJCyKTGnlXdSKKvcA,2,573
UCmsO3CyGDSgi1-XhkVns3TA,20,487339
UCS8Oy03UZuvCL4jNvzgLHXA,10,4
UCTVC4jP5RceBX_qSvFTwizg,24,51
UCunJeWziKeN41EqEHoJfzDA,27,38634
UCqDNFlsAGhGrwGnFMrNaACw,22,3
UCWRosBEZSnIyvsV1yHrk97w,22,202
UCIiRSZloKxBXCU6u3cAfg1A,10,12
UCdPyAsYflQVKjGFjT5ZrJ3Q,2,11
UCDLHEEfT71h6GBQDpTGGyDA,2,5300
UCe5-2h1sTwR4F5cWrupuQ2A,28,2
UCIl0UtYEi5BWJmpCouaAU-w,10,4470
UCkXEPd0bVvOlEVXlIuIWCQg,17,68103
UC1LVhxuYxOdBaX8iEaErylg,26,187
UCjNFxOkOT6d2gPpXh4ecvOQ,20,79
UCIjpoZ2hD7qUDmKMOzRU_ag,25,20
UCos81LHdCNhZWn7CYFPEysg,15,13
UCJlXjjGnGysAe3LRq6NWfxg,26,422
UCc9zA_V3pbPux4c9ngKwMMQ,17,1297
UCbYQWsGwpxrmbP7VpRINM9Q,19,2
UCJaPR4kL_Y2olCCOgU3TS4A,23,23
UC89o5O4MacqEEK7j--UJAOQ,2,102
UCPgUOEE12K_Ku8EYXEjcVYg,20,34
UCIzbYH4cwPZ7XRSBvtVoWzw,27,61
UChMkPgagIDBzN9VFJNDuvYg,17,470
UCnYvIsMJm5-ulb5-VOdSk2Q,26,10
UCB3Rc71N4FReiNE_IOtzoLA,10,12175
UCP-fzpy8_36RSEv22CFqZUA,20,1079
UCcHmf8is3Oct4LV2KCHehhg,10,3334
UC2LFjIOL8mNSF2kxXkqHGBQ,24,3
UCxWVvknNtioCKy0ADYV_1VQ,20,612
UC-PkBTL6H7MwKrMYkOI3sRw,17,13
UCgTjPatXdSA5V0GDjBZh7pQ,2,95
UCWsr56sq5GBeikcLlBIvSpw,1,20
UCx_jxl-J4SSi81SQ_myy9xA,20,3
UCvueeIpQ6l5BlyzUTWY13eQ,10,1421
UCUjcrwk5MFPfYbQ4XZptf1A,24,625
UCImYogn-FXSu5nlVHx4GUhw,17,1538
UCpuAPXDuJKe5fAuSLCG8LDg,17,128006
UCzEcHV6aIUco6EaMd-dVP_A,10,391
UCmIIBhzBfzoAt51zqdun_6g,2,81979
UCGdZKY7dD8H2Ecsq9__xeqQ,22,1487
UCsMp4t_y0m_T9tXGGWjMOyg,10,5
UCxH3W8AsCCHAnjL0ckn4M1w,10,10
UCWNx-3LmYfa45rwgVPoz5JQ,17,145
UCL272KR2XWCRK29Likf4xoA,10,33505
UCpKnbXIIl9ud9dYYQ8S-dqA,20,212933
UCuCuwcyEA7nuRmsvDKXPsdw,23,132
UCUrr00OKh4SMieOvD9lkyQQ,22,50
UC-o0hItpSKg5ZtuXAh_4rEg,10,125
UC4vbiZMU_yrheYVZH393-Zw,10,85491
UCui2MpemP6NouHLEap5jzrg,24,127
UCF9C9nAU1MT4UzkfRjwJLMQ,22,18
UClY-p9bQkEjmZvwYZtoLT5Q,26,27517
UCbNcN2DvPOwewfNK3bcodcg,24,12278
UCsavg5T0Jlxkcp2eD8krBAw,28,1592
UCul5qOGUH6uce4lrUZvjjTw,22,62
UCuf2GsZmHGEx0rYsWnZM6HQ,10,920
UChd8xWG_wsGStscuoouwQDw,20,5203
UCLKkGgvbJkmVEYPNsbXWbwQ,28,74
UC3CZydI1jQqZlSUJs_OKv4w,24,71
UCEoUhirnLHXdsLNuY4t67bQ,10,44
UC2B4vSWQA1yPFT1BnGdwv-A,24,35
UC8y7LKPzQYlQDRifRnmAR9g,2,1
UCNbOZesinLAZHeYPEUakqxA,10,4
UCrcB0DHc-tIW9GBRp21C7CQ,17,134
UCVSj-a8oGFDMTPnu9Dw5zhA,28,1
UC0AFnSo40mMrYgetcpB4Yng,23,151
UC7NszqtDGyVuQuxUEAN_n2Q,24,527347
UCGeRki7JHKEhk27epcAJraQ,2,28
UCLFXVxKZAdv-D5t6rhHKE3g,2,2111
UCQzY3ru491eWtBpkrmI8bGw,20,212
UCbwkJES4SHCA3Rue1gth8Tw,15,37
UCYySQPwTcBoksOwDuWN2jug,10,0
UCxt0Y4ZBRSBsjZU51twjrbQ,20,80
UCVmqfvWsKeFaMGY68CbcVVQ,20,111989
UCi5zjw6jW3wcn2WVTLmUwGQ,10,119
UC_b2Ki-qn-k-Uk5o4DewJZw,1,63
UCBi2mrWuNuyYy4gbM6fU18Q,25,2785886
UCpHzuU5P4RYHZ6FYM65-B7Q,10,14
UCaGRdIhs2JvsV86sfmQ77Uw,15,11
UCf4HHMwHEikpsEw8h1lEpGA,19,420
UCpLo12cNyaf98rL6X8m6DCw,10,867
UCyRDvl5au7MCMmu6iFUHAPw,24,56033
UCJd905SWgtBm3KKWHqo7jQQ,22,12
UCJIu_TjwA4v9aPdby9Hyc-Q,10,0
UC1vbTCUQ532eX7-WiHSlPNw,20,50
UCjM6W66mhtWbV9MQt5DdMWA,10,582
UCckhD29vIoA305hv7B45b_w,17,54
UCkFSNF7Ud7nubexBE2u4B5Q,1,517
UCwKkpawiRfLYtUWnRFNMMqg,20,1478
UCLHVyZuURuPVDhDc8RvZkGw,10,13
UCOIZG2MYtCNR5Z1kMI0wY9Q,20,146
UCW-xv2J5YgzpjPRm1UHNHuA,2,5798
UCMm9gAB8w_bY3aNecNxKumQ,10,1781
UCM87UTpuYbXN1g9NEL25PfA,29,0
UC2YNdVM5r0tYGZTEnpzk_HA,17,1
UCwOoWzyXr96Xi9TLKhTiPrA,22,274
UCr9BUVSvVmC6N1FNjXTzdcw,20,6880
UCppHT7SZKKvar4Oc9J4oljQ,24,7949114
UCJIPobU02UmQ33es6ntCH8w,24,579
UCns92rcso91zDiT-6I0RkOg,10,121
UCResFVv9L3bWYmzBnpFPxAg,10,8949
UCkxBtnCrCO_aN689SyVRS2w,10,366
UCwHn3uh48gjEczPtzV8LJ9w,10,6929
UCevEhPt0ipo-0BJTymdNPRA,2,12560
UCVPz_nauEJpqPxxvYiOpCHQ,28,1159349
UCF39B21wzKN4cV0S_8rCJbg,24,3645
UCOO67sI3yJShaF1aqFyCY1w,20,33670
UCbfAlp8HDkf3a-lliQ9KD3w,2,10209
UC0iFM-n9uJUxu1Fxjr1py8w,10,100
UCkm8F_EkiAvMoomXS4brvjA,24,0
UC8LaXDkRog0v23ctTm9-6mQ,23,58
UCndLWRIilWm16aSlnlinywg,24,2164
UCaPrFuNLsxMIr6Vwys5Xu7w,24,123456
UCwP2MQ-Yf_UTVw8_Izj9eyA,2,177
UCzgS81NwZgRfu3ov-DzfSyA,24,1265
UChxX1rBXlPYA-nc4yO_N4jQ,24,17
UCBiijTQJVImfSpUgaAcfYJQ,22,3
UCSW6T_4ZHlE6Zv-ulX75Kvw,22,1470
UCBpkfc-8l7XCR730uSMnWhg,2,197
UCp0N6cE6SxQE3McpZn4EwMA,23,11
UCG9vnnKTvqgMM_TWYV7sc2w,22,13608
UCQud3hTkdYw5d8pLPrIvy4g,24,1238
UCc4FImYfkkCURiyT2J8Q6xw,20,89
UC21NEZr0ee7b5fOKuT9DPLQ,22,244
UCzIrWDTXvdZfmM94j1BmPzQ,10,2
UCgfsTt_EEXYQV3QkmIFNVow,28,1269
UCgVtp9bLXYYtG4vr9eOoBjw,26,402
UCabxmwQBAo_Cehq5nbnA8tw,2,5552
UC9y1hU8lnLW8lEx6X7dnRoQ,2,8247
UC1V2jF0MhG16OYUYDxr762Q,28,32
UCJxywJ13-2au1aEFpYxD-nA,1,10423
UCylqbSK89ay23kRE_8eD5hg,10,1854
UCyigfVzgsmfecWMvCSt175g,24,104
UCR_OJfVPguyW3PqdKBKLnKg,26,3136
UCRMuTG_6XkHpwMXYuN3C6XQ,26,1880
UCHXrugYHsgDyGlgNReOCuEQ,17,19
UCGog6mnXBiYYfgYDkJVwimw,19,793
UCYTNPItpJ4cZbBbJ4YG0M-w,20,21
UCGZHG3Tdr0T8YWZ7Ac8TIYg,17,17
UCV0Q5XoDann5uLJDkUjJ7Lw,15,421585
UCwfqkxgLt969ASXveL7DMIA,20,13296
UCqtaybBSAYm7EFLtkjG3A2g,10,12
UCzqrEcpPii6BiuoQ-_V2Exg,10,4
UC6ixzODPAdgVdY9aoSlPPew,27,136639
UC3qWfVhOXpqpqWasZ5qsf0A,24,611
UC_mSz_GpWz2ElEVJW4EGkgg,22,1990
UCPVM3AXNxlKuozNuzZWFIrw,22,18
UCMaooTVPbDVoIwhQuQqyfUQ,25,238
UCa-oary40kq9LcnB7DL_NvQ,17,21
UCgzIB9ZOzdsjdk2YmyIN4hg,22,217
UCZkvqGJJn59qr6Z-RjbG8_Q,20,9246
UCJzxApjhAysydtv2dqAYtMA,2,116
UCofrfqvUR3F-0vAD30US6tw,2,495
UC951hA3MLyjMNck7dHXf8MQ,17,546
UCFat2Ihn5mA2ZvFuroyOGwg,24,16022
UCcVBJaGDAsYjXEy81G9Nq8w,10,8
UC53Bg53OBx6JVWFmh5kYWSw,10,234
UCsp6H-PcjKT1xuQDzED68hQ,17,334
UCTAK2aYsvkWANoStaDTATzA,20,50
UCp1HdTRbbrT06mIOnECcp9A,19,808
UCuDyNjro5X_cksrM79O-Jow,20,19
UCTCkpwzbaazKvVK0YNoXo1g,22,33
UC_7v7W1BNwEVvHyQIb9-oLw,22,100
UCQpfkhb91g8spc2o2SUOzFA,10,26171
UCFSCGsVY8zJHy9toajXDlsA,22,2869
UCuRfFw0PUpdYq59ooOAnu8g,27,1112
UCvEn2EL-jWflvNxg3bO4myg,26,24039
UCmb0LnmFYceH7toqgmUTJDA,20,50297
UCd400NDUWJdTLcO5jub06wA,10,67
UCcEvN30KYmPHKtbtdH2D-CQ,24,38
UCxjTGdg2DYJ9MVR0hkzpHvA,17,6686
UCBXyQvKr-OaHUjpn3fEBsuQ,17,5056
UC8-APnASPyqxhvdiQOvvt9g,10,131
UCmNYSzZTZw4QNawVQ038kvw,10,34
UCgyz0qRzl96ydHBxkPD1pBw,10,117183
UCIOD9FAJdprn4J5p83Rb5Aw,22,3
UCiuvu9bNX6qSv3oN80IBPZw,22,7
UCSG_nwo2bk1yO4omKzMpgvQ,2,148
UCUf6Vx8WiFlrvzK8ElRO8Lg,22,9
UCSbJvvoYLE4u1YxADiDqvNQ,24,299
UCNwS8A4ElHoDRMw1U0uvbcA,10,5
UCSIUdxwx3udSRQ4lzF9irVw,10,1123
UCBaUZ8KMzvfdKYNzdQpBQ2g,10,1107
UCaGIYzA5H5k_7dAaOpA4WYQ,10,37
UCdLzmm5vknO86yO8UrI41xw,10,6995
UCZjDi3Wuy4IekimOjbYGpCQ,10,2
UCU6fJd58eq6YauDlmdtmDHA,10,3
UCovtFObhY9NypXcyHxAS7-Q,27,256401
UCc7CrqpdgGZlQyso7O7Cj2A,10,551
UCSA-3fh1WzfKnHPkDUmoqMw,28,66798
UCE1Mu3LbnE7_OzPfsKqDS-g,10,33848
UCjJMacMVI8gIoRILqJuOn3Q,24,49363
UCYVinkwSX7szARULgYpvhLw,20,8996032
UCqWqrfbzNvXECu39vl_pP5w,1,22725
UCZLmV977wZ41RROjOuu-oFA,24,34926
UCkmxvZFOr4PwzFnRdIyNllg,22,2
UCPRfNEBTjnz0GGHb2hMekZQ,20,41691
UCqFMzb-4AUf6WAIbl132QKA,17,759114
UCuuTQ-HEwfCSZwCtnc1bgeQ,24,1211
UC1w33mzH5SuhRDlykhRLbwg,24,5631
UCUo0U24mV861yudj-aVPGpw,1,236
UCrMk4rcFt3VYEMif-bQTNEQ,10,2
UCTsKqIi_pEE3LbWKrkrdSyQ,28,67543
UCmOCtkOn7Nu7eIJ8prfJzYA,22,43
UCIaeAU4AQ-Kycl6upDplwkg,1,515
UC2NGqwU5sbGEEGFKWEBy-sA,22,888
UCJA-HEM9UApjvS2ChQH9qAg,2,1276
UCFzyeVLrv5xzn2iTjnjaNTw,28,172465
UCf1pUrBH4F9wViExU7Q64KA,17,389
UC3xGcbDsDSHajQN272Cq7DA,17,19822
UCt8lsih6xiO3bzyJpVQocjg,20,100
UCBvc7pmUp9wiZIFOXEp1sCg,17,3720189
UCMYQ-wuuzPvpywRy_Lce6Aw,22,537
UCmxZw7N4Jyljr1RbSs4Ymaw,17,209399
UCCAIgKd_LTfWdoEnWFgJrtw,24,5
UCMWwvUso2x6wVDTYXKSZHKQ,26,277
UClZT7qdA7ITMxJney_EWl8w,17,497
UCD2I0Ha3zCDQLOQlD1yIEFQ,24,6540
UChKKMC4c1Vs-Pn8-WgqX_Sw,2,15
UC2kgtRlVruCIX_dZm86CQXQ,27,4648
UCYuU21LIpKm-NX_WTCqr56Q,10,31
UCK0NRY1A09-L0xLvZgIqQ5Q,24,1
UCrKZx553F5U1272WkMg8xcQ,20,78
UCTIM_X5ZCgrA4-JD41PcTfA,24,327
UC9xTxkz6DYaumBV3TZaMVpw,20,158
UCcqmDO49s3X2O-n-088a8vw,17,4
UCj6iJTEk_YLd9o1Jqt5xdYA,26,0
UC3kKWui3o96J9nn1lkRwPcw,24,11
UCu0wB4RWds4nr1dsd-r20JQ,10,30
UC92lZ9DgpF_9wmIUq9RIYCA,10,2687
UCZsjyt3uUzX1WjPx5Xx-kRg,17,13027
UCtAVULgy36_oLYhqL3isw2g,10,61335
UC1eX5wWGYtRK4rdTc77Rv2g,20,84189
UCadeTfYRY_z0YDEjnp-G6Tg,15,0
UCV6CUMU_qxAfk9e95ouY9Hw,23,10
UCmL1WlDI8UkXDXCXcBQN9CA,24,3441210
UC76lmZQ21I84rFRPhX2q2tA,2,75
UCxmdHBtWHO3e_76bNY3absw,24,11
UCYe-j_a6tAVTZyZrGCZq8dQ,24,670
UCYRStfklk8otfZpY9E5nK4g,17,21790
UCLXsp7GMZs9WAzpf2upSWpw,10,36
UCX-yBC6iSJlKfLi98mtcBeg,27,681
UCXUVrPB5njxF8IBae0ttJPg,2,28235
UCMV_qLZHelFkKoI55DfD70g,26,16071
UCSv6yKLOumjO0JnPt5bcPjg,19,19130
UCQpC5Xa15Gdyby9rbWG6BpQ,10,254
UCS2P0xawLDZHWFyBymVOK1A,10,34545
UCvAN6YEXlaq1CfgSZnirLbA,22,17
UCaV95UnnLvOqYrE5045ZsTQ,22,84
UCWAE56h2fnfzENVmQhW5Eyg,26,1524
UCWy92ED4uH2tD149Ubk4--Q,22,42
UCtaYUtD7j-UDRccC5WdzglA,25,817
UCMf2NsucUuJYlF1aN5tmG_Q,24,360
UCRD6jdpxNXO57p13uUt6afg,20,1484
UC8k9J2Y9eE0N28mihfLD9fQ,17,153606
UCYAnCh6SqIyaL6Eoj1Llhig,17,23273
UCY_Ss4xRkzDMM9MzKjiqnCw,22,20885
UCdwmfUxRXrdmGfxpvg0DH0g,2,1264
UC_l4MUMQx5C189xisDj52gQ,24,83
UC8YLUBuHjRIc49mAEXynZPA,24,34
UCzpdzS-yHv3naJFb2Ojcw3A,24,344
UCgDRHon4vwkOgd1ETBo-laA,10,56
UCBfDOjJK0xbRpP_RyqLP7yQ,2,11
UCmSnopYR03AJufr4-tPJH0Q,24,373
UCjS8211BG-4Ixldev02qSuw,10,86
UC8_JumwjO1xA6gnd-SRJbrA,17,2232
UC7SpLClHphJGNAFA2HbMLzg,10,124
UCi09iSRiQuI8Yum2s4Jqk0A,22,14
UCKM-4OlZgD1iBclTOBVyI-Q,24,398117
UCIUsF7kMTGigJJd8qWYuvkA,24,773
UCc77G_FOiLE1RLyegKMWFEQ,17,8
UCUhNmvjnOCtCRqCfC180z5Q,24,5631
UCUrZK4HLiPpMVJYi9SvN9IA,10,109
UCCHOj2caVpX0rbKWUwfc7nw,10,3
UC9niXIxvN0X3B3nybwquQ8w,25,35
UCfF6hVZ-eVGE7yP9QECDK-g,20,4275
UCG087oup63HrkYKw6H4Orcg,10,660
UCFjP-tlWXRZG4vc1SJaZWgw,22,3058
UCMsHRBMzq1TApRcC5MeD7QQ,2,5946
UCpNbMDNc_GXApuxL4aHjSsA,26,173419
UC4JEc3D9aQgG6CPXZVScDZQ,10,7
UCC1UcDbrHhqtmZ-XmQ0XhCw,10,68
UCrfab2aBVpXhJQvcPumUo3A,10,78
UCfbihn7U49ox9oQcI6EuQWw,24,4348
UC29Po77t3EDh_2quyrfR-Dw,23,15626
UCxqBrvhUF9Ebc9BQxK7JjVA,10,109
UCdlHmsUn-pvgOaZ3E3vj6Lg,17,2806
UCfCj-cHNM78KgfXdMVRDb6w,23,7
UCujb5MIcKh7KeSWQ7Uax-Wg,17,34780
UCPZQB35QNvyACZan7PMUZLA,17,9588
UCjZtkT7xZj05CnDUA33MBQQ,20,746
UCg7DHIQXQwuDrItu84MJgew,24,9840
UCHc3el42hXKKhjs_1vzWk9A,24,1277109
UC0tGLNPcRvZEzuBYiFMC5eQ,27,9600
UCKnFmxcCDhL9h67Q20GubRQ,22,64
UCFsOHIk_L2ujgO4ARD5d9_Q,10,2488
UCpTFa6iMQ2vMKfTjq3OOCtg,19,12
UCTuHIoX1JHYNtKhemy8hsRA,22,1
UCypHcf4Zl17QyY-JZmrZvsw,10,22
UCVdlqEnP5kA9DyMwabjANsg,10,544
UCdAaglkVn0yuXcH5xvnIbQA,20,3386
UC5r3WHrX4Z7peSYpDlgktGw,27,405150
UCshyM08-MXmCTAq74i3aIkg,28,91112
UCfv1BXGB5n396-twcVKp4BQ,20,23
UCmnp-WxsWlhdGZ_lforMX4g,17,34092
UCv5vbEwaUh0LO6dwVa0iVEw,24,59645
UC4fxQhWEtdx9R2YHyBNML1g,24,4
UCkEeEFu-z9fF_Wpr-tsOoDw,20,35789
UC6tMN5nmjuWFK3EF6VQ1SuA,1,246
UCHrl0SCnhZ2czuezyMZz9ag,1,3106
UCozv2WyA_7HJezHV9BW-_SA,24,145728
UCl6mJdBn-R_jAsFXq8uFZng,10,31796
UCUcAiwBk5bjOB-FArf4eOuQ,22,534
UCeQmge0MSMyQqDhVk0zsmjw,10,0
UC9LKH61gteD90fEuySOnzDw,20,6136
UCwzPyAbM-mBHg5ISpmkQ3Ow,26,66135
UCak8fK-ILF4ep9TkTrnvpSw,20,5653
UCJMPb3AhRVjPGMZYQb_kIyg,17,159
UC0lCPqGnp2Ms9BVO_PwT7_w,10,0
UCLQZTXj_AnL7fDC8sLrTGMw,2,394155
UCG1sByvYsOVfu7uVliY8qOw,27,62501
UC2MYPIpoyCzCJ6vkL1LpZYQ,10,504
UChoz8fVg1M0QHJTCWDwZPhw,22,57
UCjmjWp38PCg15Z5ZS-tmpfw,2,71344
UCt8w6KPEDkf_Qe1FreHCU0A,24,3092603
UC62FeQXll5aE7U7YirwwpWw,22,2
UCuRKwEJhPkAzIUpntqxDHQw,23,3393
UCMzOv2W12eehIDBzLXpRtjw,27,131
UCKKbzv2Mq3YlXhwEd3hx58g,22,1289
UCjAaUjBrbOnZFB_d4xPal7w,10,19
UCrERTllrAthll3gS_LrAtdg,28,202
UChytPNRRSqwF1Jp5_tW-X9w,10,0
UC5NdbwHcnz5DlBTIotY8HIQ,10,5206
UCH_agkhtxm48qM5cn4-lykg,1,118
UCjcFOi0n4HeR0cWILMkBVuw,22,297
UCP8-U_UmqteO-fskHwwtX3Q,20,80
UCcnmB4kT9xR8WM1cbnvbY_w,17,332
UCYJpXXxZ-E_UTVZkGSrScbQ,10,119
UCfHalTgd9GfMoM1az9yLKqg,10,16
UC9Hrgm4iHzcfWM56SVw2tuQ,10,607
UC-yqiX1Q_vUORSADVplrkbQ,22,963
UCVdrtgK208SJQ6EDMC3sQng,17,137
UCuCXCyTDYkFxP_LvN4-75nQ,10,10
UChySZ4hAHvHiCC0pL0GPbAA,23,3149
UCq8GvqpdYBjizNGkDJJ9Y_g,28,63699
UCw51XXsdK-2EC489Emwcqcw,22,4
UC0xvgIkMAnR-E6A-ThAj7CQ,24,32
UCDCakQTZx0yL_mHgs7pO6Ew,10,807
UColm42gbjL-8al49kqqi4Fw,2,12030
UC2vuM7StuJ7dapcFqKrPDiQ,17,232821
UC3q_7Bja12Vb3NUgx6lX7Ww,17,237
UClKxqA23xYjZqscXHidIVWA,27,2487
UClTHe2ceM0je2aFH4Vz83mg,22,97720
UCQzfpkHNUviMt1FNiT1NWLQ,10,92
UCybPtozyD1bAlzo3ubKR5GA,20,422831
UCba2uIYq75m6SNuK8TtmG9A,26,867605
UCla-QAUwgtbiWPqujNxLfcA,10,238
UCt6pRNqkrWZDUebhL1o3T8w,28,1224
UC7jE5vgoYGxCahfAtWlk0gA,24,68
UCr1_i2AUi6O7RErRTs4rjrA,24,328
UCbWX64TI2HJI3Y4Rzs4T-Sg,20,23
UC072Jd6peqMAy22PUx9bDZA,26,4237
UCd5R8xizUUgzJdwXFSS7_Xg,2,67469
UCx54XHfs_9IMVN_ZTKoRuDA,23,2
UC2E67yeucJtRLEyyPGjSoww,29,369
UCTewGQMmMs0CncOVTMLwhQg,22,268957
UCSVUGVgkOBAtSF_5Lr3BplQ,17,2
UCVesA0tasKJBTC3ebUNnp-Q,20,119
UCzs40Csl6opEL5i_4YuK_Pw,10,377
UCk6TpMJVc5ep4IwqT24Fubw,10,1053
UCjTCFFq605uuq4YN4VmhkBA,28,1147482
UCJKt_QVDyUbqdm3ag_py2eQ,10,4705
UChbmp9N5NttZT3kGlYUzblQ,27,14829
UCHRomEuH2hX2nutF7LLkXFg,27,20
UCVVfWafbTKcHu0TyampWoJQ,2,48855
UCFmZ5fJJi8ndEcHUGUNyc6g,22,94
UCbKUGwLwOzGif6tRjCC-8Cw,10,255
UCwyTDDqDcpKHTBiiw678oKw,20,77
UCw4XhkrEdBM-1gL2Eo30-4Q,28,1
UC60WHcq3PJBYsytHGPgPoxg,17,2754
UC50kpGOODel6upboeRr29Wg,10,276
UCGHxwSg7hpLtjSzLy8CZGOg,10,122
UCb3Uqx1jNaj_BhFiOvWJVXg,1,436
UC4XzqIkOvIc88vqprybQoSQ,24,57
UCsOUzkzIkNR7nb_q83wn7_Q,24,1796
UC8lgcvysZVGxR8Da0RBRW9g,22,2
UCMjUoV3dgJ9BEVw49MuCgLQ,26,119
UCAonH6Byqym88fBgKTwFdtQ,23,5
UCDo7-HLf6U7rvbngmAhNkoA,10,11902
UCLhXDyb3XMgB4nW1pI3Q6-w,28,325632
UCA6RuM6RKDlMfOkmNVya_8A,20,2786
UCXUeZbRVLXITr1ybgSJyasw,27,3334
UCqjtD7Ec9tSThagnyhLBsQA,10,64933
UCG_j6ftxQjdaA77tmRmAeBw,24,8
UC0d5D3-XIYIxbfwm6o8638Q,20,13657
UCdar0wP4Q40B6K--L9rRZNg,10,75
UC6HkVP_xUtr1wIUe4nQPo_A,27,8739
UCEqCrD1a8MhZwjTFm7vn1FQ,28,4
UCFlWwpSC9IJ8ytkEqTtmu1A,22,1942
UCd0svlreYx8t1jQdTK7PfsA,22,22815
UC6qvx3UxVIt1KirvVTSg99A,2,20
UCa8HrpaNOSoIUrPuqec2jGg,10,9300
UCQ6UXrtnCIuIisdZldq8npw,20,154025
UCto35bnvPm_V7iiIvmaqC1A,10,17985
UCJVGQvLy0-hyEHYrhhBB5QQ,10,138
UC9O5nvfr1ACJf3lRYegFxhA,10,82
UCcsgb07FIBVGJDNMoLEZ2dA,20,2087
UC7w_1PpN4cUrveTEnPR_ruA,24,396
UCBmI_zgn4U9ZXYEqk9DXI8g,10,13326
UCzSi2vXuhv25VtPk4oT0O-g,24,4379
UCAxtVn4eS0WSE5jaKK6qlVA,10,1281659
UCGBI5D5uMO2In5uMD6itvzQ,24,75
UCTrH4s--dRVwV3MOgYkq2Lg,20,56
UC8e_DJXzsNtHm7QV_BDNWQw,26,0
UC2cU7THEKH-q5-hNMW2IAJw,17,2
UCg2NfA0Whcx0rzjaN7f8ihQ,1,164
UCchtGBIgja5RAmI3XPvV-xA,20,32
UC0HAgvsLljXqzSWHWh0ePEQ,26,7494
UCqRb7uCyZwaK-dGWuE4-N9A,26,374
UCSMK-_VJEhTG_jDhlK04VdQ,24,4645
UCErcXQgmjsow5UpLXT1zn9A,2,4
UCJaXKxlkzx3DcgtniDCNQ5w,26,31295
UCfBLXTwLoUpDAkHcHizW3Jg,20,31740
UCGBc6qyVKxHYkhmjCl0N-hw,17,257
UC7Twvlx1B3dGuUcE3xed36A,2,3023
UCdt9STEaWQm8K2mBqUZ6fdg,22,37
UCLYmWAFs8RacdGtVauakGWA,10,50
UC-fxtRERUCXfRdJQArByuUw,2,0
UCE5bqtxuCT2wHUNCH2KmJ8g,24,67
UCiOxToRlpasZY480lsKVPaA,10,2373
UCcxSNAgdGgEaJ2Mm_M3L8-g,22,394
UCVoVN5IZfmOpm53LTWv_mEw,20,247
UCJaKiPozicrSedDDqY93nxQ,24,4
UC_0VY4M2TRjeqifpziwsOKg,20,3
UCCECNSIYtwijzr43XNdfQlA,10,546
UCE570Jqw0OEqtNY06QqlAOw,2,13452
UCfykEQGKbx5bDfU8DmrOE_Q,22,17
UCpe2J0PdNmsqXokblCQWkVA,2,307
UCGZmkgX5xXZZboN0-ZRp3_A,20,6422
UCoNIsGJ2pBhDb6HdtzobUtg,17,13152
UCWAWxTiKzFfA2yO7hjO6kXg,17,1
UCFS2EPWhtlQg6d-r8Qq3wcw,24,10941
UCGDpVWPZ-WGPntuWF1Kik7g,10,10
UCWn-raTLcIF-YKOHfQLWjaw,10,2577
UCVA5wo4V5qO6PRGJuvMH2nw,10,138
UCDS7re9AD8jTg-peowkU2ew,24,313
UCy--nD1pnUyWk8HDg9orNDw,10,2913
UCWkWxxfDu2IMYvpl0dCtc2A,10,1056
UCI7s-cS_zUSOZHLDcxI0I8Q,20,127
UC_F8QHd5dfmWdCIW4cOmPSw,10,4
UCRFBivFMyx3ogRK-n0eTIHg,22,102
UCNegomi4-XAmUATq_EH14XQ,22,302
UCCqv5X4gnuwuD83QpXWCwfA,2,35
UCp-yWSkH2RfK5xm-Z3qo9yg,10,10
UCQYYXFpo5jbWHNEk7xKdGYw,17,333
UCQlGBspQdj17WOPBQMT1k9A,24,3161701
UCyNOucLDZXhAx6ztScV7iFQ,1,239
UChyM3jcR6gRgFpD5U1ZclHw,10,0
UC2uZWCSw31y2gkYwpE109hw,1,90
UCujVymNv8X9PY3HDB_5sBAw,24,13041
UCEpyUocnghlUQKN33yFIfmg,20,99495
UCiF0dg4CWC21EZK1PhmQmiw,17,64
UCFgkqor41YbYZGQOXmhp7Jg,22,1
UCYEdXCUKJOqlJA1GIPcRN9A,10,396
UCHRD0xFQAvhI-5IZBEdYrDA,27,1925
UCPaYlmMUjYRGrUJ8DwOaK5w,17,11
UCMGY0ZWQmyqHzKZcJXaaxnA,22,7655
UCch-SOIuhnwFBMmciaQWj3A,10,44
UCh17-nOzhd1tE9bqztkCuqw,10,153611
UCHSsuyGJK9vQsBQJTvurDhQ,26,2898
UCTY4pLYBU6AcVSeCCuHmJaw,20,12992
UCuNg_HbU7s_WtDWUsKk5Kdg,24,342
UCp49CTyOuj5OUD2jRjZFe2Q,20,263
UCGDJLLphnP0zQQaE3kgo5Wg,43,218688
UCH-zUJlLeg5H6KYu0IZHBtg,17,13
UCM4_7Tc_mlsnc5iSuG5qB6w,10,58561
UC0ljjis1QzFoKBxA9O4gQ2w,10,13
UCIfAxaxkWgIiJTkBpePGZHQ,10,2744
UCeFVkJQhBIQW3ONm28h2OAQ,24,152
UC79wJrCqxStX4wBYbXN49dw,17,107
UCed30r-gRqG4tcLPs3CrWqQ,20,319
UC3XAKdJHovW-QOEaY0Z5QzA,22,153
UCupCNl_codsqX8G_jPEF9xQ,2,1
UC-IfVWMwXH7UazB4PrE_Vyw,26,20717
UCAqisf-D6i0IvYr6m0_-xpg,10,10
UCf3ApfNSqikIlGD2KxnbUUw,10,564
UCzoI6lBLD63DtM1eukZn2Wg,20,3
UCB0wpYIScTBRoe9My5g9iGA,26,22886
UCsR9VKs7WUawo8TAEGthb2Q,24,19217
UCC_uUzH7EhOHjm9nQDfGwag,1,136
UCqBjfnrystNidAdNNGVgSow,28,0
UClhEIA4NgUey4ty9h8AllHw,23,788371
UCZcCmWhvK0gfThyWRmRerDQ,25,785436
UCvzABOeXdl7zdy2Lb7URdUw,1,590
UCI3l_VapjxYpwmQmv3cojUA,10,2122
UCxpCwbq-nIMDKj5RfL_6llw,10,4786
UC32IFxNwIJFkC-nyHDtQ9yg,20,17
UCNfNC94p_0m302SkH8KFmFw,20,56152
UCIbuh_hZh6hqPbknWDF1ESA,20,2
UCbTLwN10NoCU4WDzLf1JMOA,10,5676945
UC0qu9kIJ0C22EzcVOZHsL6A,10,2718
UCaBoHaHkl26DeN_ahaHNaEA,20,69
UCwvxISJ5KLig-lKgl21YJhA,24,1767
UCgc4WcUwasw1WJ8qPmgfKSQ,24,1684
UCDcDw3eCZvwNQdLfSUzhkTg,17,16046
UCSvyi6Z6QI1uGsOBahqhlCg,17,2947
UCEg0AqZPRi_mDEFFPZP58SA,2,8219
UCAQzr076v_RxV3Z6NC5kjHQ,20,494
UCVa_pizLo_pRoKcXXiADNDQ,22,15
UC3YoSom6K2d55rhAC1us-fw,22,104
UCJhRcJw8q3ijByEVqj4-s0w,20,1838
UCysdrbENErWAI4Z9L2Zv5eA,1,160722
UCoZ8DmwTsiQRquL1Bg_fdfQ,20,12172
UCc7Tj3G1u2r0o1qQXly8bzw,20,7
UCUprybWEqWn74kcc9KircGA,17,3
UCt8CdzMEoTie3iix3KmvV7A,20,2455655
UCxQNoLm8uv_XNWk0XiQ5EHQ,1,25
UCPo-HlgBo8lxdPWCF62E-2A,22,38813
UCp9y2SHuFrkuMbdiaWgyw4g,28,75
UCIyN1hVAIWKJuao3JcZ6HUw,22,12
UCBV7B3ZOjXsqtj73CDeItHg,20,4572
UCRT3L0I7rO72nMQkqQoXP1g,2,9335
UC_aYoCs8w45wFS8pP1CVshw,28,23
UCCtl6sSl82MC__WcX87iafw,2,28
UC8WKMRIdDx0oG5bOkG4smgQ,19,10232
UCIL-JFLvovsFao3vrsXGzag,20,332364
UCoIGPxfGxT8Sbdjlhnf9GRw,24,2
UC563EZ1SLzgfDIHLRmzIPRQ,2,46
UCVawWVTagFACtQM-Bz9oZLg,27,2032
UCiH9RaD34m5GsisAVde2bbg,19,1053
UCnpFV9Jn21yCbZAOpVKGL4A,10,1437
UCmeL8GwfOyH6Pt0K9lWCwww,24,20
UCtAebVfbry-Ce4oXqkcBJJw,26,100
UCbcPIsA5txPImroBVaJiRaw,22,5433
UCoabqfMFYggLI6q_iJh8-jw,1,113
UCHXbZQUE49YwHbAJc9Z6wZg,2,32
UCWMTR20z_v1zk9V4EJZAEmw,20,333448
UCMIebNc34EmVsbAYOY_vDNA,24,1
UCV4_mYEdMcv1YeqZMMiBbsA,27,3774
UCH2X_ZuR8FZalU4xu8hNpow,24,8707
UCuZIrql4x_Jr6aXKRoAOrFw,22,2176
UC0EKpxlBw6aM6MADzbxfcuQ,17,9429
UCAo76BuzZtVKnY45lF2s8og,22,16
UCd4-8S_rZ_M2UxI96pbypLw,1,1483
UC2DP749XX4HuBlJufmKsRdA,10,76
UCue5UlXITzJz2eopYE_yedQ,2,2
UCzoOfm1AILwHCgv2Dc3mdvg,22,50
UCOjF7GPRHEGA5f3074L_Tkw,24,7
UCBtB6ULonhMb9jXE72CNz-Q,24,8605
UC2l2CRfsl73FV5EETuNcNhg,10,10
UCjaSeKdnPGviZREF6EcnJcw,24,2155
UCD-9G8Ryrq9o7M3fEWk5rsA,22,8
UCXbBAdHOCyfUd6ruv_RUOPQ,20,126